,name,played,run_bat,50s,100s,batted,out,bowled,wkt_tacken,5_wkt_taken,run_given_bowler,econ,over
0,ds smith,21,467,3,0,21,21,2,0,0,17,0.04833984375,2.5
1,ba parchment,5,82,0,0,5,5,0,0,0,0,0.0,0.0
2,mn samuels,97,2854,12,7,95,86,53,30,0,1503,3.6421377644067583,302.2
3,s chanderpaul,32,1344,10,2,31,23,1,0,0,19,8.847564458847046e-09,4.0
4,rs morton,10,254,1,0,10,9,0,0,0,0,0.0,0.0
5,dj bravo,77,1747,8,1,73,66,73,90,0,2915,6.979871429366063,511.7
6,d ramdin,82,1592,6,2,70,61,0,0,0,0,0.0,0.0
7,djg sammy,103,1695,8,0,93,70,99,59,0,3365,4.047612065987252,696.6
8,r rampaul,56,263,1,0,32,23,56,81,2,2386,6.371972897721241,447.99999999999994
9,dbl powell,16,44,0,0,10,10,16,19,0,651,5.346034851074219,132.0
10,fh edwards,19,53,0,0,13,4,19,19,0,750,7.2685805130004875,122.3
11,sm pollock,5,43,0,0,3,1,5,6,0,131,3.200625,47.0
12,dw steyn,107,278,0,0,46,35,107,174,3,4442,5.038193852888721,922.1000000000001
13,a nel,8,23,0,0,2,2,8,11,0,236,4.79640625,54.5
14,ck langeveldt,15,32,0,0,8,2,15,25,0,690,6.451784667968751,130.2
15,ja morkel,33,443,0,0,24,16,29,19,0,1033,3.170438345889561,173.10000000000005
16,gc smith,64,2170,14,4,64,62,0,0,0,0,0.0,0.0
17,ab de villiers,150,6866,39,18,145,114,4,3,0,103,1.7502735372154632e-12,17.0
18,jh kallis,53,2000,19,2,53,50,42,31,0,1132,0.39088509626647683,218.0
19,jp duminy,163,4098,25,0,149,121,121,52,0,2889,5.637859903600125,526.9000000000001
20,jl ontong,4,67,0,0,3,2,0,0,0,0,0.0,0.0
21,mv boucher,32,441,0,0,28,19,0,0,0,0,0.0,0.0
22,hh gibbs,25,823,4,2,24,24,0,0,0,0,0.0,0.0
23,j botha,50,420,0,0,33,24,49,52,0,1922,3.711470386501543,422.2
24,m morkel,104,238,0,0,47,31,104,165,2,4352,5.586171768571257,868.2
25,je taylor,41,209,0,0,27,24,41,53,0,1856,6.7929421060499315,321.79999999999995
26,s chattergoon,9,180,1,0,8,8,1,0,0,30,0.01671875,7.0
27,pa browne,5,134,0,0,5,4,0,0,0,0,0.0,0.0
28,rn lewis,4,86,0,0,4,3,4,2,0,141,5.3675,26.0
29,m ntini,9,13,0,0,5,2,9,11,0,462,7.1713281250000005,75.0
30,ac gilchrist,9,308,2,1,9,9,0,0,0,0,0.0,0.0
31,ml hayden,8,298,3,0,8,8,0,0,0,0,0.0,0.0
32,rt ponting,78,2676,18,5,78,74,0,0,0,0,0.0,0.0
33,mj clarke,106,3905,28,5,104,90,48,21,0,815,0.008544214337344598,169.29999999999998
34,a symonds,17,412,4,0,16,15,10,9,0,214,6.917642517089844,39.5
35,mek hussey,100,3252,25,1,94,74,4,0,0,68,2.000000000160072,8.0
36,jr hopes,59,1022,3,0,47,40,55,46,0,1802,6.5504349056845275,393.7000000000001
37,b lee,52,408,1,0,33,21,52,83,2,2224,5.398424767203782,443.79999999999995
38,wpujc vaas,15,89,0,0,11,8,15,12,0,492,4.153341064453125,124.0
39,sl malinga,161,465,1,0,95,68,161,246,7,7463,5.334538045786838,1345.9
40,mkdi amerasinghe,6,5,0,0,3,0,6,8,0,302,6.466875,54.0
41,m muralitharan,42,178,0,0,26,13,42,58,1,1748,4.671635818169525,380.1
42,ck kapugedera,64,1222,7,0,57,51,7,2,0,183,0.0018157958984378487,34.0
43,nw bracken,39,52,0,0,15,7,39,54,1,1458,4.5356867006273385,335.6
44,gb hogg,7,85,0,0,5,4,7,8,0,236,4.82859375,54.3
45,mg johnson,109,811,2,0,74,49,109,177,2,4648,4.362864818855126,951.2000000000002
46,wu tharanga,140,3998,19,8,137,126,0,0,0,0,0.0,0.0
47,st jayasuriya,39,1170,4,3,39,39,25,16,0,678,6.99678781310504,128.1
48,kc sangakkara,171,7464,47,18,168,155,0,0,0,0,0.0,0.0
49,dpmd jayawardene,162,4878,32,7,155,144,1,1,0,5,0.0006640625,1.5
50,lpc silva,32,487,4,0,27,24,1,1,0,21,6.258487701416016e-07,4.0
51,tm dilshan,176,6844,32,18,174,161,113,55,0,2747,5.495694633856099,539.7
52,an cook,71,2582,17,4,71,68,0,0,0,0,0.0,0.0
53,p mustard,4,61,0,0,4,4,0,0,0,0,0.0,0.0
54,ir bell,89,2986,16,3,88,82,0,0,0,0,0.0,0.0
55,kp pietersen,61,1836,6,4,58,54,13,5,0,239,0.008019337981835468,45.5
56,pd collingwood,53,1532,8,1,50,43,43,35,0,1188,2.628713133032477,251.6
57,oa shah,35,1088,8,0,33,30,5,1,0,73,5.6032818976044645,13.1
58,rs bopara,90,2149,12,0,85,73,60,30,0,1217,1.7221150924200965,249.1
59,gp swann,66,356,0,0,40,30,64,86,1,2442,5.13271200352688,532.5
60,scj broad,89,372,0,0,51,36,89,135,1,3980,5.46969831601968,750.1
61,rj sidebottom,15,101,0,0,11,7,15,12,0,669,5.836595458984375,128.0
62,jm anderson,99,167,0,0,44,19,99,141,2,4038,5.324207231162829,817.9
63,kd mills,82,744,2,0,57,44,82,112,0,3224,4.017231464100556,658.4
64,cs martin,4,2,0,0,1,0,4,4,0,134,5.51125,27.0
65,jdp oram,37,670,5,0,30,27,37,37,0,1153,5.299939401685405,275.4
66,sb styris,38,955,7,0,35,32,29,17,0,751,4.073557011209487,155.9
67,dl vettori,70,920,1,0,55,40,69,74,0,2434,5.387595782078606,608.5
68,js patel,14,31,0,0,6,2,14,13,0,452,5.3926220703125,93.0
69,jd ryder,38,1212,5,3,38,37,15,9,0,359,0.029692607854958624,59.5
70,bb mccullum,111,3156,19,2,109,105,0,0,0,0,0.0,0.0
71,jm how,22,374,1,0,21,21,0,0,0,0,0.0,0.0
72,lrpl taylor,176,7405,44,19,173,142,2,0,0,17,1.3775324423815615e-40,4.0
73,pg fulton,7,78,0,0,6,5,0,0,0,0,0.0,0.0
74,bj haddin,87,2025,10,2,82,70,0,0,0,0,0.0,0.0
75,sr clark,10,10,0,0,4,2,10,12,0,274,4.0009375,74.1
76,s sreesanth,17,15,0,0,8,4,17,23,0,867,7.419650573730467,128.5
77,i sharma,73,71,0,0,27,15,73,108,0,3408,6.253902404370712,590.5999999999999
78,ik pathan,32,378,0,0,21,17,32,45,1,1549,5.6478860207181425,269.5
79,harbhajan singh,63,376,0,0,39,31,63,82,1,2621,5.7981192860968145,558.0
80,v sehwag,65,2792,11,7,65,63,32,18,0,751,0.949299479250421,140.5
81,yuvraj singh,99,2910,14,6,94,82,70,50,0,2025,1.3080965063124186,400.4
82,sr tendulkar,48,2158,8,7,48,45,7,0,0,76,3.606958794753957,10.9
83,g gambhir,99,3793,25,8,98,91,0,0,0,0,0.0,0.0
84,rg sharma,213,9454,41,33,210,178,34,8,0,476,1.110717271966713e-27,91.5
85,ms dhoni,242,7472,51,6,204,147,2,1,0,31,6.244813738743402e-39,6.0
86,rv uthappa,14,258,2,0,13,11,1,0,0,0,0.0,0.2
87,mf maharoof,28,279,0,0,21,16,28,29,1,1191,6.81104472592473,219.1
88,kmdn kulasekara,136,1157,4,0,102,76,136,157,1,5609,5.904153329036863,1072.5
89,mj mason,3,2,0,0,2,0,3,4,0,159,5.9849999999999985,27.0
90,pa hitchcock,1,11,0,0,1,0,1,0,0,56,8.0,7.0
91,ad mascarenhas,11,124,0,0,7,6,11,7,0,396,5.086728515625,78.0
92,lj wright,41,540,0,0,33,29,32,15,0,823,0.5719954009894354,163.0
93,mm patel,40,42,0,0,16,6,40,50,0,1510,6.546511399215487,302.1
94,p kumar,62,278,1,0,31,20,62,74,0,2623,6.820464122587834,503.8
95,mdk perera,12,142,0,0,11,11,11,13,0,434,7.6013525390625,79.0
96,dr flynn,15,228,0,0,15,14,3,0,0,25,3.6484375,4.0
97,pp chawla,8,16,0,0,4,2,8,7,0,382,5.666875,69.4
98,tamim iqbal,131,4499,31,10,131,122,2,0,0,13,8.283039769306853e-31,0.6
99,junaid siddique,28,694,4,0,28,28,2,0,0,13,4.32133674621582e-06,2.0
100,shahriar nafees,20,367,3,0,20,20,0,0,0,0,0.0,0.0
101,mohammad ashraful,42,875,6,0,42,40,10,0,0,151,1.3240103245045247,21.0
102,shakib al hasan,119,4039,35,5,114,105,119,136,0,4920,5.6971691177368555,1049.9
103,raqibul hasan,33,690,4,0,33,30,0,0,0,0,0.0,0.0
104,dhiman ghosh,10,123,0,0,10,8,0,0,0,0,0.0,0.0
105,mosharraf hossain,4,22,0,0,4,3,4,1,0,123,6.17,25.0
106,abdur razzak,68,375,0,0,50,31,68,77,1,3088,6.413402630916972,600.4
107,shahadat hossain,22,49,0,0,14,5,22,19,0,1080,7.003356528282165,159.5
108,syed rasel,15,22,0,0,9,5,15,9,0,618,6.493092651367188,114.3
109,pl harris,3,0,0,0,0,0,3,3,0,83,2.725,30.0
110,hm amla,167,7269,38,21,165,155,0,0,0,0,0.0,0.0
111,an petersen,16,346,3,0,14,13,1,0,0,7,0.000213623046875,1.0
112,nazimuddin,10,145,0,0,10,10,0,0,0,0,0.0,0.0
113,mashrafe mortaza,112,894,0,0,81,66,112,139,0,4762,6.664674745984861,917.7999999999998
114,farhad reza,12,116,0,0,12,10,11,9,0,354,2.233095703125,57.5
115,salman butt,33,1357,9,4,33,31,2,0,0,32,4.1101127862930297e-07,4.0
116,nasir jamshed,34,1059,6,3,34,32,0,0,0,0,0.0,0.0
117,younis khan,89,2214,11,4,87,85,8,0,0,113,0.26562762260439676,18.1
118,mohammad yousuf,31,819,3,1,29,26,0,0,0,0,0.0,0.0
119,shoaib malik,118,3035,16,3,111,97,77,29,0,1853,8.096109535054758,367.90000000000003
120,misbah-ul-haq,111,3616,31,0,103,83,0,0,0,0,0.0,0.0
121,shahid afridi,129,2517,9,2,117,106,129,156,4,5319,6.439664908438154,1135.5
122,aftab ahmed,10,137,0,0,10,10,1,0,0,21,0.013671875,3.0
123,mahmudullah,133,2916,13,3,124,94,93,43,0,2460,4.167523580742892,447.9
124,kamran akmal,70,1662,6,2,65,61,0,0,0,0,0.0,0.0
125,sohail tanvir,43,268,0,0,30,23,43,48,1,1919,6.026934864165514,345.59999999999997
126,umar gul,79,375,0,0,49,38,79,116,1,3419,6.631725661771197,630.8000000000001
127,iftikhar anjum,20,62,0,0,10,7,20,30,1,872,4.7858947372436536,166.1
128,ml udawatte,3,57,0,0,3,3,0,0,0,0,0.0,0.0
129,sj benn,38,177,0,0,27,21,38,27,0,1633,5.557301436906564,324.5
130,ch gayle,100,3350,17,7,100,98,45,16,0,1077,0.3336891026969717,200.1
131,baw mendis,69,152,0,0,38,23,69,117,1,2940,8.381821076878786,574.6
132,rr sarwan,43,1166,11,0,41,40,3,4,0,114,1.9346771296113727e-10,16.0
133,k weeraratne,2,38,0,0,2,2,2,0,0,60,7.6,8.0
134,bazid khan,2,53,1,0,2,2,0,0,0,0,0.0,0.0
135,fawad alam,32,771,4,1,30,22,8,2,0,228,0.13921891403850167,34.0
136,sohail khan,8,19,0,0,5,5,8,13,1,380,5.9234375,65.6
137,mohammad asif,9,6,0,0,6,3,9,15,0,396,5.5820703125,85.0
138,naumanullah,1,5,0,0,1,1,0,0,0,0,0.0,0.0
139,wahab riaz,71,523,1,0,56,46,71,87,1,3314,6.096796138307125,564.8999999999999
140,dolar mahmud,3,0,0,0,2,2,3,2,0,118,12.4775,11.0
141,alok kapali,12,270,0,1,12,12,10,7,0,289,4.539453125,47.0
142,mushfiqur rahim,136,4530,29,6,133,118,0,0,0,0,0.0,0.0
143,yk pathan,49,729,3,2,36,27,45,32,0,1230,5.983578082963213,217.8
144,sk raina,171,4503,31,3,154,128,91,33,0,1655,7.48140495778971,321.6
145,rp singh,17,52,0,0,6,5,17,17,0,743,6.5864855957031265,124.0
146,tr ambrose,4,9,0,0,4,3,0,0,0,0,0.0,0.0
147,tg southee,134,745,1,0,91,57,133,177,3,6482,6.251001144903842,1164.5
148,jah marshall,1,4,0,0,1,1,0,0,0,0,0.0,0.0
149,gj hopkins,14,227,0,0,14,13,0,0,0,0,0.0,0.0
150,gd elliott,68,1778,10,2,63,52,46,30,0,1011,5.671918078652434,179.6
151,mr gillespie,5,6,0,0,3,0,5,9,0,197,4.846875,45.2
152,ct tremlett,7,15,0,0,6,4,7,7,0,310,6.2174999999999985,60.5
153,se marsh,77,3008,15,9,77,73,0,0,0,0,0.0,0.0
154,sr watson,108,4298,23,9,108,100,90,95,0,2939,2.6920916922563256,580.3
155,cl white,68,1787,11,2,62,51,8,7,0,150,0.02343750000000003,25.4
156,xm marshall,10,87,0,0,10,10,1,0,0,5,0.0390625,0.3
157,ads fletcher,21,299,2,0,21,21,3,0,0,26,2.885,4.4
158,ka pollard,90,2058,8,3,85,79,62,48,0,1814,5.516948289052666,305.59999999999997
159,crd fernando,18,48,0,0,11,5,18,21,0,878,5.922009201049805,152.0
160,sarfaraz ahmed,99,2218,13,1,85,66,0,0,0,0,0.0,0.0
161,l ronchi,70,1187,3,1,60,51,0,0,0,0,0.0,0.0
162,ms gony,1,0,0,0,0,0,1,2,0,65,8.12,8.0
163,pp ojha,17,39,0,0,9,2,16,20,0,617,6.601224975585938,135.6
164,t thushara,30,341,1,0,21,17,30,39,1,1201,5.79604209754616,223.4
165,mansoor amjad,1,5,0,0,1,1,1,1,0,44,5.5,8.0
166,abdur rauf,3,0,0,0,0,0,3,5,0,167,6.675000000000002,27.0
167,saeed ajmal,98,291,0,0,65,44,98,159,2,3670,5.26302718742026,877.2
168,dj hussey,60,1625,14,0,54,48,35,15,0,656,0.6175057509196205,120.5
169,no miller,31,256,1,0,23,13,29,23,0,1092,4.80007832262665,212.9
170,se findlay,6,96,1,0,6,5,0,0,0,0,0.0,0.0
171,v kohli,233,12096,57,46,232,196,46,4,0,636,8.135263716730864e-20,101.7
172,z khan,51,128,0,0,20,19,51,70,0,2246,5.710008974962422,445.8
173,s badrinath,7,79,0,0,6,5,0,0,0,0,0.0,0.0
174,mj prior,40,773,2,0,36,28,0,0,0,0,0.0,0.0
175,a flintoff,12,304,2,0,10,8,12,20,1,435,4.5453466796875,91.4
176,vd philander,20,100,0,0,13,9,20,30,0,723,4.429282703399658,153.5
177,sr patel,32,469,1,0,21,14,29,21,1,1015,6.204904830269515,178.5
178,sj harmison,11,24,0,0,3,2,11,9,0,424,5.489765625,76.0
179,sm warnapura,2,30,0,0,2,2,0,0,0,0,0.0,0.0
180,j mubarak,6,89,0,0,5,4,2,0,0,19,4.25,3.0
181,b geeves,2,10,0,0,2,0,2,3,0,78,4.45,15.0
182,nazmul hossain,9,0,0,0,5,3,8,10,0,320,4.460546875,62.0
183,mehrab hossain jnr,2,1,0,0,2,2,0,0,0,0,0.0,0.0
184,naeem islam,39,658,3,0,37,27,33,26,0,1031,11.166932649504233,202.9
185,imrul kayes,58,1467,9,2,58,58,0,0,0,0,0.0,0.0
186,j louw,2,23,0,0,1,1,2,1,0,95,6.07,16.0
187,cs baugh,17,234,0,0,14,10,0,0,0,0,0.0,0.0
188,bp nash,4,26,0,0,4,3,2,0,0,49,2.825,9.0
189,ls baker,8,13,0,0,4,2,8,9,0,326,7.418749999999998,61.0
190,khurram manzoor,6,186,2,0,6,6,0,0,0,0,0.0,0.0
191,mj guptill,168,6027,31,13,168,155,11,4,0,98,5.2110261008789755e-18,17.7
192,nt broom,33,725,3,1,33,30,0,0,0,0,0.0,0.0
193,ad mathews,187,5289,37,3,168,122,141,105,1,3595,4.669219126412281,772.3999999999999
194,mahbubul alam,2,0,0,0,0,0,2,3,0,67,6.625,10.0
195,rubel hossain,80,85,0,0,39,23,78,100,0,3620,6.278282252153356,615.0
196,bw hilfenhaus,22,29,0,0,11,3,22,27,1,1006,4.087120981216431,186.79999999999998
197,sw tait,13,14,0,0,6,1,13,22,0,547,6.2010546875,109.1
198,nd mckenzie,5,108,1,0,4,4,0,0,0,0,0.0,0.0
199,vb van jaarsveld,2,9,0,0,2,2,0,0,0,0,0.0,0.0
200,da warner,114,4688,17,17,114,112,1,0,0,8,2.5849394142282115e-26,1.0
201,rj harris,19,21,0,0,11,4,19,42,3,792,6.184319915771485,164.10000000000002
202,shoaib akhtar,24,49,0,0,17,8,24,28,0,1078,6.482286193370818,196.0
203,sht kandamby,32,775,5,0,29,24,8,2,0,170,1.2477824592590332,28.0
204,nm hauritz,46,271,1,0,25,11,46,51,0,1791,4.960589814632356,378.2
205,ll tsotsobe,53,55,0,0,20,8,53,91,0,2133,4.246754447357964,447.5
206,wd parnell,53,465,1,0,35,22,53,79,2,2418,5.925730945622443,419.5
207,ie o'brien,7,3,0,0,2,0,7,11,0,345,7.4521875,58.3
208,cj ferguson,28,606,4,0,23,16,0,0,0,0,0.0,0.0
209,l balaji,1,7,0,0,1,1,1,0,0,32,6.4,5.0
210,ra jadeja,149,2044,9,0,103,68,147,174,1,6272,4.552508097476974,1275.8000000000002
211,cd cumming,1,0,0,0,1,1,0,0,0,0,0.0,0.0
212,ig butler,10,78,0,0,7,6,10,13,0,442,6.30955078125,79.0
213,pd mcglashan,3,63,1,0,2,1,0,0,0,0,0.0,0.0
214,ep thompson,1,0,0,0,0,0,1,0,0,42,10.5,4.0
215,aj strauss,45,1625,11,3,45,44,0,0,0,0,0.0,0.0
216,gj batty,3,24,0,0,3,2,2,1,0,72,2.795,13.0
217,lmp simmons,55,1655,14,1,55,53,10,1,0,151,0.05283584933973543,24.0
218,b laughlin,5,1,0,0,1,0,5,4,0,219,6.390625,37.2
219,re van der merwe,12,39,0,0,7,4,12,14,0,534,4.188603515625001,109.0
220,sm harwood,1,0,0,0,1,1,1,2,0,57,5.7,10.0
221,ahmed shehzad,65,2094,10,5,65,65,9,2,0,140,4.082348198054212e-05,18.7
222,de bollinger,37,50,0,0,7,6,37,62,2,1450,5.146414619668503,316.0
223,yasir arafat,3,26,0,0,2,1,3,0,0,99,5.8424999999999985,20.0
224,mj north,2,6,0,0,2,2,1,0,0,16,2.665,3.0
225,tt bresnan,72,761,1,0,56,38,72,93,0,3323,4.790421853410045,609.8999999999999
226,ejg morgan,211,6737,46,10,202,174,0,0,0,0,0.0,0.0
227,kd karthik,61,1272,6,0,55,40,0,0,0,0,0.0,0.0
228,de bernard,11,129,0,0,8,7,11,9,0,412,6.153935546875,77.0
229,a nehra,44,54,0,0,20,13,44,63,0,2029,4.920124949524252,339.7999999999999
230,dm bravo,97,2576,16,2,95,88,0,0,0,0,0.0,0.0
231,am nayar,2,0,0,0,1,0,1,0,0,17,2.83,3.0
232,kaj roach,72,349,0,0,54,24,72,89,2,3106,6.9479220542983295,581.7
233,nt pascal,1,0,0,0,1,1,1,0,0,29,7.25,4.0
234,dm richards,7,179,2,0,7,7,0,0,0,0,0.0,0.0
235,fl reifer,6,86,0,0,6,6,0,0,0,0,0.0,0.0
236,tm dowlin,10,228,1,1,10,9,0,0,0,0,0.0,0.0
237,dc thomas,19,223,0,0,17,15,1,2,0,11,3.59344482421875e-05,1.1
238,gc tonge,5,10,0,0,4,2,5,5,0,224,4.1625,50.0
239,tt samaraweera,28,585,0,2,24,17,2,0,0,29,0.00030517578125,3.0
240,mohammad amir,59,394,2,0,32,20,59,81,1,2436,4.517029258584683,486.79999999999995
241,abdul razzaq,30,599,1,1,28,21,30,21,0,843,4.156368272602558,171.4
242,koa powell,42,816,7,0,42,42,0,0,0,0,0.0,0.0
243,umar akmal,106,2751,18,1,100,88,0,0,0,0,0.0,0.0
244,naved-ul-hasan,12,165,0,0,10,6,12,15,0,591,6.007080078125,102.0
245,imran nazir,5,111,0,0,5,5,0,0,0,0,0.0,0.0
246,hmcm bandara,3,31,0,0,2,2,3,2,0,127,4.925000000000002,26.0
247,ktgd prasad,18,113,0,0,10,4,18,25,0,773,5.9505760192871096,129.1
248,td paine,40,861,3,1,40,36,0,0,0,0,0.0,0.0
249,au rashid,108,645,1,0,49,35,106,173,1,5266,5.389902881713698,940.9
250,dr tuffey,13,141,0,0,11,10,13,18,0,573,6.17450439453125,101.5
251,se bond,15,92,0,0,12,4,15,22,0,654,3.817872314453125,141.29999999999995
252,nl mccullum,66,972,4,0,55,46,64,50,0,2326,7.240697966502298,472.0
253,r dravid,8,283,2,0,8,8,0,0,0,0,0.0,0.0
254,jl denly,12,371,3,0,11,11,3,0,0,77,2.9450000000000003,12.0
255,pm siddle,18,31,0,0,6,3,18,16,0,730,6.283065414428711,147.1
256,g onions,4,1,0,0,1,1,4,4,0,185,5.9037500000000005,34.0
257,cak walton,9,53,0,0,8,8,0,0,0,0,0.0,0.0
258,tl best,11,32,0,0,9,4,11,18,0,566,6.6270703125,97.8
259,jec franklin,37,730,4,0,34,23,30,15,0,846,6.6484645322244615,153.6
260,rt crandon,1,5,0,0,1,1,0,0,0,0,0.0,0.0
261,a mishra,24,34,0,0,9,6,23,41,1,1066,3.8706317687034604,219.6
262,sm davies,8,244,1,0,8,8,0,0,0,0,0.0,0.0
263,aj redmond,6,152,1,0,6,6,0,0,0,0,0.0,0.0
264,ac voges,24,696,2,1,23,15,11,4,0,199,0.685230758190155,36.0
265,mc henriques,8,60,0,0,8,7,8,6,0,251,6.210625,49.0
266,ga manou,4,7,0,0,1,1,0,0,0,0,0.0,0.0
267,khalid latif,4,128,1,0,4,4,0,0,0,0,0.0,0.0
268,cj mckay,52,175,0,0,26,19,52,92,2,2198,4.99076713506492,453.70000000000005
269,r mclaren,43,456,1,0,36,23,43,65,0,1838,6.217562096823069,343.4
270,si mahmood,1,0,0,0,0,0,1,1,0,41,5.85,7.0
271,ijl trott,59,2515,19,4,57,49,9,2,0,152,1.6811711744946224e-12,28.3
272,uwmbca welegedara,9,4,0,0,3,1,9,15,1,433,5.3565625,75.7
273,ras lakmal,77,245,0,0,46,28,77,97,0,3342,7.058977789984487,590.0
274,s randiv,27,271,1,0,17,16,26,33,1,1117,7.144980059564114,216.9
275,nltc perera,152,2334,10,1,126,111,147,158,3,5410,5.861955249753973,905.6999999999999
276,m pushpakumara,2,0,0,0,0,0,1,0,0,21,2.1,5.0
277,shafiul islam,40,105,0,0,24,16,40,46,0,1815,6.430557117313619,279.6
278,hdrl thirimanne,113,3074,21,4,97,84,4,3,0,94,8.05448507894171e-11,17.2
279,s tyagi,3,1,0,0,1,0,3,2,0,129,6.3275000000000015,21.0
280,pj ingram,7,193,1,0,7,7,0,0,0,0,0.0,0.0
281,aj mckay,16,12,0,0,10,3,16,20,0,634,5.073001098632813,125.8
282,dr smith,28,677,5,0,28,26,13,9,0,404,2.335524884983897,61.6
283,n deonarine,15,294,2,0,15,14,10,0,0,178,6.870327758789062,30.3
284,ww hinds,2,25,0,0,2,2,0,0,0,0,0.0,0.0
285,spd smith,114,3939,22,9,105,98,35,25,0,860,4.0947265625,156.5
286,le bosman,2,97,1,0,2,2,0,0,0,0,0.0,0.0
287,a mithun,5,51,0,0,3,3,5,3,0,203,6.303125,30.0
288,m vijay,12,221,0,0,11,11,0,0,0,0,0.0,0.0
289,c kieswetter,41,953,4,1,36,31,0,0,0,0,0.0,0.0
290,sohrawordi shuvo,11,59,0,0,7,5,11,11,0,355,4.2384179687499985,72.0
291,jc tredwell,41,163,0,0,25,14,41,53,0,1565,5.570591954619049,329.4
292,a shahzad,9,33,0,0,7,6,9,15,0,406,4.9017578125,80.1
293,le plunkett,63,291,0,0,28,20,63,97,1,2848,5.009487096948428,483.70000000000005
294,sl stewart,4,26,0,0,4,4,0,0,0,0,0.0,0.0
295,da miller,125,3102,14,5,112,83,0,0,0,0,0.0,0.0
296,ut yadav,67,76,0,0,22,11,67,98,0,3386,6.465912553050416,552.5
297,ab dinda,11,5,0,0,4,4,11,12,0,509,6.233857421874999,82.39999999999999
298,nv ojha,1,1,0,0,1,1,0,0,0,0,0.0,0.0
299,r ashwin,100,596,0,0,58,39,100,134,0,4527,4.2745036516419805,914.5
300,pankaj singh,1,3,0,0,1,0,1,0,0,45,6.42,7.0
301,bmaj mendis,48,573,1,0,39,31,44,24,0,1095,6.236484055756689,207.6
302,ld chandimal,130,3226,21,3,120,104,0,0,0,0,0.0,0.0
303,shahzaib hasan,3,100,1,0,3,3,0,0,0,0,0.0,0.0
304,umar amin,13,177,0,0,13,12,2,0,0,12,2.25,4.0
305,imran farhat,18,521,5,0,18,18,1,1,0,21,3.204345703125e-05,5.0
306,asad shafiq,47,987,6,0,46,45,2,0,0,18,0.421875,2.0
307,abdur rehman,14,63,0,0,11,8,14,10,0,548,4.1321435546875005,129.0
308,jahurul islam,9,192,1,0,9,8,0,0,0,0,0.0,0.0
309,hmrkb herath,59,139,0,0,27,15,59,66,0,2102,5.135039606078322,470.40000000000003
310,mh yardy,19,261,2,0,17,10,19,13,0,786,5.329406776428224,153.0
311,jr hazlewood,47,55,0,0,19,3,47,74,2,2088,4.235261758601963,433.6
312,faisal hossain,1,8,0,0,1,0,1,0,0,26,4.21,6.1
313,ks williamson,141,5854,36,13,139,129,56,34,0,1113,0.18768554135815296,210.89999999999998
314,bj watling,23,554,5,0,23,21,0,0,0,0,0.0,0.0
315,mohammad irfan,49,48,0,0,33,12,49,72,0,2191,5.689224417758618,432.5
316,mohammad hafeez,147,4805,31,8,145,135,113,87,0,3567,5.233052809806549,864.4
317,hk bennett,14,7,0,0,6,2,14,26,0,679,6.3750854492187505,116.19999999999999
318,r vinay kumar,24,57,0,0,10,8,24,29,0,1121,8.88605852007866,184.60000000000002
319,jw hastings,27,271,1,0,21,10,27,38,1,1156,6.801741630733013,230.5
320,ma starc,85,336,0,0,54,36,85,163,7,4026,5.37611832230882,758.8999999999999
321,s dhawan,136,5681,28,16,135,128,0,0,0,0,0.0,0.0
322,ss tiwary,3,49,0,0,2,0,0,0,0,0,0.0,0.0
323,zulqarnain haider,4,48,0,0,4,2,0,0,0,0,0.0,0.0
324,ca ingram,25,498,1,2,24,21,1,0,0,17,0.06640625,1.0
325,rj peterson,38,409,1,0,24,16,38,48,0,1502,5.426508181150711,300.6
326,j theron,1,5,0,0,1,1,1,1,0,49,6.12,8.0
327,xj doherty,52,91,0,0,21,6,51,52,0,2115,6.43797657098151,436.9
328,wp saha,8,25,0,0,4,2,0,0,0,0,0.0,0.0
329,pa patel,22,482,3,0,22,20,0,0,0,0,0.0,0.0
330,f du plessis,132,5302,32,12,128,112,10,2,0,159,1.498189525682168e-22,28.0
331,mn van wyk,9,188,2,0,9,9,0,0,0,0,0.0,0.0
332,cr woakes,101,1313,5,0,71,52,101,152,3,4637,3.9734805973038867,824.0
333,lj woodcock,3,14,0,0,2,1,3,1,0,97,5.65,18.2
334,st finn,62,135,0,0,27,17,62,96,2,2855,4.668859943723559,554.2
335,ab barath,8,150,0,0,8,8,0,0,0,0,0.0,0.0
336,jj krejza,4,13,0,0,2,1,4,3,0,189,4.9875,37.0
337,imran tahir,99,154,0,0,37,22,99,149,2,4200,5.239687029919804,880.6999999999999
338,ad russell,50,969,4,0,43,35,49,66,0,2076,6.526320383850237,343.0
339,d bishoo,45,229,0,0,31,17,44,40,0,1804,4.09080544164038,363.20000000000005
340,ka edwards,15,329,0,1,15,13,0,0,0,0,0.0,0.0
341,jl pattinson,14,41,0,0,7,3,14,13,0,635,7.271927490234375,112.1
342,junaid khan,62,64,0,0,31,14,62,89,0,2755,7.6900902045939965,502.90000000000003
343,mohammad salman,5,22,0,0,3,2,0,0,0,0,0.0,0.0
344,hammad azam,7,75,0,0,5,4,5,2,0,86,4.78625,15.0
345,a martin,9,10,0,0,6,1,9,11,0,296,4.6806640625,74.0
346,usman salahuddin,2,13,0,0,2,2,0,0,0,0,0.0,0.0
347,tanvir ahmed,1,18,0,0,1,1,1,1,0,45,7.5,6.0
348,taufeeq umar,1,3,0,0,1,1,0,0,0,0,0.0,0.0
349,dp hyatt,9,112,0,0,9,8,0,0,0,0,0.0,0.0
350,mk tiwary,7,249,1,1,7,7,5,5,0,144,10.8515625,21.0
351,jw dernbach,22,19,0,0,8,7,22,27,0,1216,7.52621976852417,190.60000000000002
352,fdm karunaratne,25,493,3,0,22,20,2,0,0,18,0.027344536781311036,2.4
353,rms eranga,16,34,0,0,9,3,16,20,0,652,5.537727661132813,111.8
354,s prasanna,35,262,0,0,32,29,35,28,0,1591,6.191586504828301,290.5
355,am rahane,82,2658,21,3,79,77,0,0,0,0,0.0,0.0
356,ba stokes,97,2899,22,3,87,70,87,75,1,3185,4.887181820917409,525.8
357,jm bairstow,84,3468,11,11,82,77,0,0,0,0,0.0,0.0
358,nasir hossain,48,961,3,1,42,35,31,17,0,730,5.885627331532886,154.8
359,cr brathwaite,33,483,1,1,31,29,32,30,0,1437,8.878511831546202,236.70000000000002
360,shuvagata hom,1,0,0,0,0,0,0,0,0,0,0.0,0.0
361,mr marsh,53,1558,12,1,52,43,52,46,1,1597,6.9716074188307555,290.1
362,pj cummins,64,298,0,0,46,31,64,102,1,2958,4.484536349715739,574.9
363,sg borthwick,1,3,0,0,1,1,1,0,0,59,7.37,8.0
364,sc meaker,2,2,0,0,2,2,2,2,0,110,5.75,19.0
365,vr aaron,8,6,0,0,2,1,8,10,0,367,7.11453125,55.800000000000004
366,ckb kulasekara,4,38,0,0,3,3,4,0,0,80,6.4575,13.0
367,aizaz cheema,11,26,0,0,6,3,11,15,0,457,5.8100390625,79.4
368,elias sunny,4,2,0,0,4,2,4,5,0,161,5.4712499999999995,34.0
369,sp narine,59,339,0,0,43,31,59,84,2,2177,4.866314102356318,533.3
370,r sharma,4,1,0,0,1,1,4,6,0,177,5.645,34.2
371,jn mohammed,23,564,4,0,23,22,8,0,0,146,2.394717493057251,26.0
372,smsm senanayake,44,251,0,0,30,20,44,52,0,1787,7.100141187990204,371.70000000000005
373,ms wade,81,1630,9,1,74,65,0,0,0,0,0.0,0.0
374,dt christian,18,261,0,0,17,12,18,20,1,584,5.219947433471679,119.1
375,pj forrest,14,368,3,1,14,14,0,0,0,0,0.0,0.0
376,azhar ali,47,1521,10,2,47,44,13,4,0,238,7.483641173166688e-05,39.0
377,adnan akmal,2,11,0,0,2,2,0,0,0,0,0.0,0.0
378,dr briggs,1,0,0,0,0,0,1,2,0,39,3.9,10.0
379,jc buttler,151,4327,22,11,130,102,0,0,0,0,0.0,0.0
380,rj nicol,14,247,1,0,14,14,10,4,0,183,5.8757763671875,31.2
381,am ellis,11,109,0,0,9,9,9,9,0,315,7.398544921875001,55.0
382,daj bracewell,15,149,1,0,10,9,15,18,0,636,6.56944091796875,119.2
383,ts nethula,3,12,0,0,3,2,3,3,0,153,6.4875,24.0
384,c de grandhomme,48,884,5,0,41,32,48,28,0,1337,4.688347220097498,270.0
385,md bates,1,13,0,0,1,1,1,1,0,28,4.66,6.0
386,m de lange,3,0,0,0,0,0,3,7,0,167,6.6899999999999995,27.0
387,nm lyon,28,69,0,0,14,5,28,23,0,1277,7.284258276224136,263.0
388,gj bailey,76,2749,19,3,75,66,0,0,0,0,0.0,0.0
389,j charles,41,1012,3,1,41,41,1,0,0,12,0.00087890625,0.5
390,mohammad sami,2,0,0,0,0,0,2,3,0,94,5.455,15.4
391,rahat ali,11,8,0,0,7,3,11,14,0,543,7.1591210937500005,83.1
392,s weerakoon,1,0,0,0,0,0,1,1,0,49,4.9,10.0
393,dg brownlie,13,340,1,0,13,13,0,0,0,0,0.0,0.0
394,twm latham,95,2458,18,2,89,83,0,0,0,0,0.0,0.0
395,ta boult,94,184,0,0,43,19,94,177,6,4417,4.199858040009717,864.2
396,i udana,16,165,1,0,13,10,16,14,0,751,6.914673461914062,117.3
397,n pradeep,36,27,0,0,21,5,36,41,0,1894,5.238916957204347,298.7
398,d elgar,5,98,0,0,5,4,4,2,0,67,2.181875,16.0
399,gj maxwell,104,2761,17,1,99,90,85,45,0,2470,2.8975846327052373,438.0
400,af milne,33,146,0,0,14,9,33,36,0,1415,5.52772255534539,258.9
401,abul hasan,6,17,0,0,3,3,6,0,0,198,6.844375,27.0
402,sohag gazi,16,176,0,0,14,11,16,20,0,679,6.134519958496094,144.0
403,anamul haque,29,757,1,2,29,29,0,0,0,0,0.0,0.0
404,mominul haque,18,308,1,0,17,17,6,4,0,75,1.2532196044921875,13.0
405,v permaul,6,19,0,0,4,3,6,5,0,231,6.9546875,45.1
406,b kumar,117,605,1,0,55,39,117,135,1,4799,7.062878425168799,932.3
407,mohammed shami,63,138,0,0,32,17,63,119,1,3121,6.83212572433615,543.3
408,aj finch,124,4918,25,17,123,120,22,4,0,264,1.6635236897225667,48.8
409,pj hughes,21,804,4,2,20,19,0,0,0,0,0.0,0.0
410,ut khawaja,37,1457,11,2,37,36,0,0,0,0,0.0,0.0
411,je root,151,6493,36,19,147,122,74,19,0,1623,4.634375258606967,271.8
412,bcj cutting,3,27,0,0,1,1,3,5,0,140,4.824999999999999,30.0
413,kw richardson,26,90,0,0,15,7,26,44,1,1319,6.644418678283691,230.6
414,mdkj perera,92,2512,14,4,90,87,0,0,0,0,0.0,0.0
415,q de kock,115,4754,21,14,115,112,0,0,0,0,0.0,0.0
416,rk kleinveldt,9,105,0,0,7,7,9,11,0,400,4.4111328125,75.30000000000001
417,mj mcclenaghan,38,104,0,0,12,4,37,72,1,1880,2.3064442180535116,318.80000000000007
418,jds neesham,54,1174,6,0,47,39,51,47,0,1752,6.143269733897753,278.3
419,c munro,61,1449,10,0,59,57,30,13,0,644,4.554262937369615,125.0
420,f behardien,53,949,4,0,47,34,30,11,0,581,0.1698352700016002,97.4
421,am phangiso,15,66,0,0,11,9,15,16,0,635,4.439694213867187,131.6
422,jo holder,94,1633,8,0,81,68,94,104,1,4289,6.550252704213014,741.3
423,jp faulkner,59,975,4,1,46,27,59,93,0,2848,6.338325532910407,502.09999999999997
424,hd rutherford,3,14,0,0,3,3,0,0,0,0,0.0,0.0
425,kj abbott,22,47,0,0,11,7,22,28,0,927,4.718335032463074,180.7
426,ziaur rahman,7,54,0,0,7,7,6,3,0,156,4.07734375,35.0
427,ch morris,43,536,1,0,31,27,43,46,0,1922,6.180823402910773,339.90000000000003
428,cj anderson,39,985,4,1,37,34,35,45,0,1242,5.5986101090590825,201.6
429,lhd dilhara,1,6,0,0,1,1,1,0,0,40,5.0,8.0
430,asad ali,3,13,0,0,2,2,3,1,0,93,4.6075,20.0
431,haris sohail,32,1344,11,2,31,29,19,11,0,574,0.12856318116188048,101.0
432,ak perera,6,52,0,0,4,4,3,0,0,33,2.35375,6.0
433,wb rankin,5,5,0,0,2,1,5,6,0,195,5.078749999999999,44.1
434,fawad ahmed,2,4,0,0,1,0,2,2,0,106,7.5649999999999995,14.0
435,ma carberry,4,103,1,0,4,4,0,0,0,0,0.0,0.0
436,nm coulter-nile,31,286,1,0,22,16,31,50,0,1532,5.973746573738754,269.6
437,cj jordan,30,164,0,0,22,14,30,40,1,1525,6.425681896992028,248.6
438,shamsur rahman,9,266,2,0,9,9,1,0,0,13,3.25,1.0
439,ap devcich,10,173,1,0,9,9,9,2,0,226,5.3737109375,39.0
440,sohaib maqsood,21,654,5,0,21,19,2,0,0,19,0.5000419616699219,3.0
441,jd unadkat,1,0,0,0,0,0,1,0,0,39,6.5,6.0
442,mm sharma,19,30,0,0,8,3,19,21,0,834,8.866656074523926,142.10000000000002
443,bilawal bhatti,10,89,0,0,7,6,10,6,0,439,7.690097656250001,68.1
444,anwar ali,18,262,0,0,14,10,18,16,0,764,6.852418594360351,128.9
445,h davids,1,7,0,0,1,1,0,0,0,0,0.0,0.0
446,sharjeel khan,23,635,6,0,23,23,0,0,0,0,0.0,0.0
447,sma priyanjan,22,389,2,0,19,17,13,5,0,222,1.1279797554016113,41.1
448,kdk vithanage,5,70,0,0,5,4,1,0,0,10,0.625,1.0
449,gs ballance,13,286,2,0,12,12,0,0,0,0,0.0,0.0
450,at rayudu,48,1313,5,3,45,32,10,3,0,124,0.006347679340860423,20.200000000000003
451,str binny,9,85,0,0,7,6,9,14,1,288,6.73671875,54.4
452,mj henry,43,202,0,0,19,12,43,89,2,2119,4.421735715615182,388.5
453,al-amin hossain,7,3,0,0,5,2,7,14,0,304,5.84203125,56.4
454,arafat sunny,9,26,0,0,6,1,9,10,0,378,5.722421875,75.0
455,pc de silva,6,77,0,0,6,5,6,3,0,227,6.259375,43.0
456,mm ali,117,1802,5,2,95,81,114,111,0,4848,5.061268459723541,933.5
457,mj lumb,3,165,0,1,3,3,0,0,0,0,0.0,0.0
458,mohammad talha,2,0,0,0,1,1,2,3,0,78,5.99,13.2
459,sd parry,2,0,0,0,0,0,2,4,0,92,4.93,19.0
460,hf gurney,9,15,0,0,6,2,9,11,0,412,6.44328125,71.5
461,ar patel,30,177,0,0,17,12,29,37,0,1225,5.368628712408245,263.5
462,parvez rasool,1,0,0,0,0,0,1,2,0,60,6.0,10.0
463,ca pujara,2,11,0,0,2,2,0,0,0,0,0.0,0.0
464,taskin ahmed,24,38,0,0,13,7,24,28,1,1151,8.415670303106307,185.0
465,mohammad mithun,22,546,6,0,19,19,0,0,0,0,0.0,0.0
466,ad hales,74,2634,14,7,73,70,0,0,0,0,0.0,0.0
467,ds kulkarni,7,27,0,0,2,0,7,12,0,319,6.74890625,56.2
468,sa abbott,1,3,0,0,1,1,1,1,0,25,5.0,5.0
469,zulfiqar babar,5,35,0,0,5,2,5,4,0,246,5.4174999999999995,49.0
470,raza hasan,1,0,0,0,1,1,1,1,0,68,6.8,10.0
471,rr rossouw,29,1097,6,3,28,26,1,0,0,14,0.0013671875,2.3
472,pls gamage,9,4,0,0,5,2,9,9,0,392,5.4407421875,67.0
473,kv sharma,2,0,0,0,0,0,2,0,0,125,6.605,19.0
474,n dickwella,52,1565,12,0,50,49,0,0,0,0,0.0,0.0
475,km jadhav,70,1204,5,1,49,30,45,31,0,1079,0.45134614033413556,210.5
476,jwa taylor,22,836,7,1,22,18,0,0,0,0,0.0,0.0
477,lr johnson,3,19,0,0,3,3,0,0,0,0,0.0,0.0
478,jl carter,23,423,2,0,22,22,8,3,0,112,0.9691094970703125,16.200000000000003
479,gs sandhu,2,0,0,0,0,0,2,3,0,107,5.35,20.0
480,ss cottrell,25,77,0,0,16,7,25,37,1,1301,6.346377509236335,210.2
481,pvd chameera,16,58,0,0,9,6,16,16,0,523,4.788687133789063,101.0
482,ehsan adil,3,22,0,0,3,3,3,2,0,143,6.6899999999999995,20.3
483,yasir shah,17,95,0,0,11,6,17,13,0,927,7.253149108886719,157.3
484,sabbir rahman,49,981,3,1,44,40,14,1,0,238,1.9784459822047646,32.6
485,soumya sarkar,47,1570,11,1,47,45,13,10,0,308,5.822416425804393,54.0
486,taijul islam,3,42,0,0,2,1,3,1,0,127,4.025,30.0
487,pht kaushal,1,0,0,0,1,1,1,0,0,25,4.16,6.0
488,saad nasim,3,99,1,0,3,2,2,0,0,46,3.8125,6.0
489,mohammad rizwan,29,622,2,2,26,20,0,0,0,0,0.0,0.0
490,sami aslam,4,78,0,0,4,4,0,0,0,0,0.0,0.0
491,jj roy,97,4167,19,12,96,95,0,0,0,0,0.0,0.0
492,sw billings,13,263,2,0,11,11,0,0,0,0,0.0,0.0
493,mj santner,75,1120,4,0,58,37,72,72,0,2883,4.506135150458547,588.2
494,dj willey,48,355,2,0,30,16,48,60,0,1978,6.522208300517407,351.9
495,ma wood,59,61,0,0,19,6,59,65,0,2820,5.062538123549,503.4
496,bm wheeler,5,58,0,0,4,0,5,8,0,281,6.379375,42.3
497,liton das,30,724,1,2,30,28,0,0,0,0,0.0,0.0
498,mustafizur rahman,53,68,0,0,26,11,53,100,4,2442,6.768096139840995,448.20000000000005
499,aw mathieson,1,0,0,0,1,0,1,1,0,40,10.0,4.0
500,jubair hossain,1,5,0,0,1,1,1,0,0,31,6.2,5.0
501,k rabada,81,297,0,0,34,20,81,128,1,3611,5.072528763171174,715.0000000000001
502,tam siriwardana,25,486,3,0,23,22,20,9,0,536,5.787998616695404,97.7
503,babar azam,71,2966,12,10,70,63,0,0,0,0,0.0,0.0
504,ss pathirana,15,332,1,0,14,13,15,12,0,640,7.102733764648438,109.0
505,imad wasim,49,892,5,0,36,22,48,32,0,1739,5.046253745164265,358.4
506,d wiese,6,102,0,0,6,5,6,9,0,316,5.8884375,49.0
507,is sodhi,32,125,0,0,18,14,32,48,0,1569,6.364880727948622,267.3
508,gh worker,10,233,2,0,10,9,1,0,0,5,0.009765625,1.0
509,ja burns,5,77,0,0,5,5,0,0,0,0,0.0,0.0
510,ac agar,18,319,0,0,16,14,18,14,0,851,5.246311340332031,151.0
511,mp stoinis,53,1426,10,1,51,44,49,44,0,1887,6.276624809752244,302.29999999999995
512,rjw topley,10,7,0,0,5,1,10,16,0,410,5.8628124999999995,76.7
513,gsnfg jayasuriya,12,199,1,0,11,10,11,2,0,270,5.492451171875,50.0
514,md gunathilaka,27,864,4,1,27,25,10,4,0,197,1.9850525951385498,34.0
515,j blackwood,2,11,0,0,2,2,1,0,0,16,2.665,3.0
516,bilal asif,1,2,0,0,1,1,1,0,0,32,8.0,4.0
517,iftikhar ahmed,4,68,0,0,4,2,4,1,0,101,4.154999999999999,23.0
518,zafar gohar,1,15,0,0,1,1,1,2,0,54,5.4,10.0
519,hm nicholls,58,1460,13,1,55,45,0,0,0,0,0.0,0.0
520,jdf vandersay,9,71,0,0,7,6,9,8,0,415,6.009453125,70.5
521,js paris,2,0,0,0,0,0,2,1,0,93,5.8100000000000005,16.0
522,sm boland,12,9,0,0,4,3,12,14,0,683,6.0927148437500005,111.2
523,mk pandey,21,409,1,1,18,12,0,0,0,0,0.0,0.0
524,bb sran,3,0,0,0,0,0,3,3,0,170,6.85,26.2
525,gurkeerat singh,3,13,0,0,3,2,3,0,0,68,7.6,10.0
526,r dhawan,3,12,0,0,2,1,3,1,0,160,6.545,25.0
527,jj bumrah,72,18,0,0,15,6,72,115,1,2768,5.284159284816908,616.2000000000002
528,a zampa,58,150,0,0,27,20,58,69,0,2895,5.46452517919849,509.4
529,t shamsi,25,0,0,0,5,2,25,32,0,1125,5.178060093522072,217.6
530,tm head,51,1612,14,1,51,49,27,11,0,752,0.009988099531451473,124.4
531,st gabriel,20,22,0,0,15,7,20,23,0,952,8.821881427764893,147.4
532,bkg mendis,68,1786,13,1,66,65,2,0,0,28,3.9119369635992607e-17,3.2
533,md shanaka,21,609,5,0,21,20,9,5,0,191,3.7549018096923827,30.0
534,jm vince,10,248,1,0,10,10,0,0,0,0,0.0,0.0
535,kmc bandara,1,1,0,0,1,0,1,1,0,83,8.3,10.0
536,dm de silva,45,983,5,0,44,37,40,28,0,1053,2.566483708346042,202.0
537,ma aponso,11,14,0,0,9,5,11,13,0,419,6.57751953125,79.8
538,padlr sandakan,23,39,0,0,15,10,23,15,0,1126,8.222892696857453,171.6
539,mohammad nawaz(3),15,182,0,0,13,9,15,11,0,606,5.418037109375,118.3
540,hasan ali,53,352,3,0,32,23,53,82,3,2610,8.191973529982473,443.1
541,wia fernando,17,579,2,2,17,17,0,0,0,0,0.0,0.0
542,la dawson,3,18,0,0,3,3,3,4,0,122,5.4350000000000005,20.0
543,kc brathwaite,8,176,0,0,8,8,5,1,0,140,5.1778125,25.2
544,dj worrall,2,6,0,0,1,0,2,0,0,128,7.734999999999999,16.2
545,al phehlukwayo,62,648,1,0,40,22,61,77,0,2518,6.360905934817122,424.5
546,cp tremain,4,23,0,0,3,1,4,7,0,255,6.1875,40.0
547,jm mennie,2,1,0,0,2,2,2,3,0,131,6.55,20.0
548,as joseph,20,107,0,0,12,4,20,35,1,1140,6.052014675140381,174.1
549,e lewis,32,971,3,2,32,32,0,0,0,0,0.0,0.0
550,d pretorius,23,150,1,0,12,10,23,33,0,887,4.311100533008576,185.2
551,bm duckett,3,123,2,0,3,3,0,0,0,0,0.0,0.0
552,mosaddek hossain,31,442,2,0,28,18,29,10,0,687,5.679494206821547,124.2
553,jt ball,18,39,0,0,8,5,18,19,1,1013,5.921224365234375,160.5
554,hh pandya,61,998,4,0,42,36,61,55,0,2497,5.481347823083271,446.8
555,j yadav,1,1,0,0,1,0,1,1,0,8,2.0,4.0
556,sd hope,61,2698,16,7,61,56,0,0,0,0,0.0,0.0
557,r powell,32,611,3,0,32,29,14,5,0,295,5.522580527812242,47.599999999999994
558,ar nurse,41,491,0,0,37,27,40,37,0,1855,5.697518077020987,332.5
559,das gunaratne,21,429,0,1,18,16,17,7,0,512,4.449477100372315,92.0
560,lh ferguson,42,92,0,0,20,10,42,71,0,1994,5.740507901677793,362.7
561,subashis roy,1,1,0,0,1,0,1,1,0,45,4.5,10.0
562,tanbir hayder,2,5,0,0,2,2,2,0,0,67,7.9350000000000005,10.0
563,nurul hasan,2,68,0,0,2,2,0,0,0,0,0.0,0.0
564,ca lynn,7,134,0,0,7,7,0,0,0,0,0.0,0.0
565,b stanlake,11,7,0,0,8,5,11,13,0,531,5.0461230468750005,95.0
566,kl rahul,29,962,5,3,28,24,0,0,0,0,0.0,0.0
567,psp handscomb,22,632,4,1,20,19,0,0,0,0,0.0,0.0
568,ds weerakkody,3,73,1,0,3,3,0,0,0,0,0.0,0.0
569,sd heazlett,1,4,0,0,1,1,0,0,0,0,0.0,0.0
570,ld madushanka,3,13,0,0,3,3,3,4,0,154,7.0375,22.0
571,cbrls kumara,17,27,0,0,8,4,17,17,0,763,6.726661987304688,111.80000000000001
572,mehidy hasan miraz,39,463,1,0,24,20,39,44,0,1562,5.88708685738049,353.1
573,shadab khan,44,481,5,0,29,20,43,58,0,1849,6.129329494009417,363.1
574,sha rance,1,0,0,0,0,0,1,0,0,66,7.33,9.0
575,ka maharaj,9,52,0,0,5,5,9,9,0,381,4.7580078125,76.1
576,ts roland-jones,1,37,0,0,1,0,1,1,0,34,4.85,7.0
577,fakhar zaman,45,1622,13,2,45,43,7,2,0,144,0.005630999077716296,27.9
578,faheem ashraf,23,236,0,0,19,16,23,16,0,906,7.125326023101807,163.7
579,rumman raees,14,54,0,0,7,5,14,22,0,746,6.518837890625,120.2
580,ml cummins,5,5,0,0,2,1,5,7,0,314,8.348749999999999,41.0
581,kuldeep yadav,70,138,0,0,23,8,69,134,2,3185,7.277633477780051,631.8
582,rl chase,21,348,1,0,18,17,18,7,0,611,5.393228759765625,112.5
583,kok williams,5,19,0,0,5,1,5,4,0,206,5.12,39.0
584,ka hope,6,138,0,0,6,6,0,0,0,0,0.0,0.0
585,pwh de silva,11,160,0,0,11,9,11,9,0,436,4.09861328125,78.8
586,mvt fernando,8,30,0,0,8,2,8,5,0,337,8.322265625,49.3
587,ys chahal,61,64,0,0,11,8,60,104,3,2774,5.155948316510237,544.0
588,a dananjaya,39,383,1,0,32,24,37,64,3,1620,4.518924345718988,310.4
589,pm pushpakumara,2,11,0,0,2,2,2,1,0,105,5.609999999999999,19.0
590,sn thakur,12,99,0,0,6,3,12,17,0,671,8.2903271484375,101.1
591,emdy munaweera,2,15,0,0,2,2,0,0,0,0,0.0,0.0
592,hwr cartwright,2,2,0,0,2,2,0,0,0,0,0.0,0.0
593,sw ambris,10,293,2,0,10,8,0,0,0,0,0.0,0.0
594,tk curran,28,222,0,0,18,6,28,41,2,1299,5.477622029036283,206.1
595,mohammad saifuddin,16,208,1,0,10,7,16,17,0,745,8.20115234375,115.0
596,d paterson,4,0,0,0,0,0,4,4,0,217,5.4350000000000005,34.5
597,imam-ul-haq,34,1267,5,4,34,32,0,0,0,0,0.0,0.0
598,s samarawickrama,10,228,2,0,10,10,0,0,0,0,0.0,0.0
599,usman shinwari,12,6,0,0,5,4,12,22,2,484,5.0910888671875,90.3
600,t bavuma,4,201,1,0,4,4,0,0,0,0,0.0,0.0
601,ak markram,33,771,2,0,32,31,8,3,0,170,1.0200124014914036,25.0
602,pwa mulder,14,101,0,0,12,8,14,12,0,493,6.248665771484375,77.0
603,ss iyer,20,796,8,1,18,17,2,0,0,15,0.050785064697265625,2.0
604,washington sundar,1,0,0,0,0,0,1,1,0,65,6.5,10.0
605,so hetmyer,38,1397,4,6,38,35,0,0,0,0,0.0,0.0
606,rr beaton,2,15,0,0,2,1,2,1,0,102,6.08,17.0
607,td astle,12,84,0,0,7,4,10,13,0,325,5.276357421875,57.0
608,aj tye,14,114,0,0,14,8,14,24,2,784,8.94318115234375,127.80000000000001
609,aamer yamin,2,64,0,0,2,0,2,2,0,130,7.22,18.0
610,at carey,41,1083,4,0,38,32,0,0,0,0,0.0,0.0
611,ja richardson,17,113,0,0,11,7,17,31,0,961,5.4179946899414055,155.0
612,k zondo,6,192,2,0,6,6,0,0,0,0,0.0,0.0
613,l ngidi,35,73,0,0,13,4,35,71,1,1649,5.490399648239254,281.79999999999995
614,h klaasen,23,536,2,1,22,16,1,0,0,19,3.165,3.0
615,ms chapman,7,19,0,0,7,7,0,0,0,0,0.0,0.0
616,mg neser,4,16,0,0,4,4,4,4,0,240,7.4875,32.8
617,djm short,12,294,1,0,12,10,8,0,0,173,2.423544921875,22.0
618,c overton,2,0,0,0,0,0,2,0,0,110,7.85,14.0
619,sm curran,5,41,0,0,5,5,5,4,0,208,6.568125,29.0
620,s kaul,4,2,0,0,2,2,4,0,0,242,6.93125,36.0
621,kma paul,20,287,0,0,16,12,20,20,0,1051,7.560622501373291,149.5
622,ngrp jayasuriya,4,22,0,0,4,2,4,0,0,190,6.3625,32.0
623,cak rajitha,12,0,0,0,3,1,12,11,0,471,4.968583984375,74.0
624,rr hendricks,23,572,1,2,23,22,3,1,0,47,0.0480126953125,7.0
625,cj dala,4,16,0,0,4,2,4,2,0,242,6.95625,34.0
626,asif ali,12,301,2,0,12,12,1,0,0,9,0.3375,0.5
627,najmul hossain shanto,2,14,0,0,2,2,0,0,0,0,0.0,0.0
628,shaheen shah afridi,19,56,0,0,10,3,19,43,1,917,4.370276184082031,163.1
629,nazmul islam,2,14,0,0,2,2,2,2,0,112,5.6,20.0
630,op stone,6,18,0,0,2,0,6,2,0,194,6.8646875000000005,32.0
631,c hemraj,10,100,0,0,10,10,2,0,0,18,0.25599609375,2.2
632,kk ahmed,12,11,0,0,3,3,12,18,0,516,7.480830078125001,89.0
633,o thomas,20,13,0,0,12,6,20,29,1,985,7.360590572357178,139.5
634,rr pant,16,381,1,0,14,14,0,0,0,0,0.0,0.0
635,fa allen,15,168,1,0,14,13,14,4,0,483,3.094678955078125,83.0
636,oc mccoy,2,0,0,0,2,0,2,4,0,76,7.6,10.0
637,tl seifert,3,33,0,0,2,2,0,0,0,0,0.0,0.0
638,jp behrendorff,11,19,0,0,5,2,11,16,1,517,5.14615234375,98.3
639,mohammed siraj,1,0,0,0,0,0,1,0,0,76,7.6,10.0
640,v shankar,11,194,0,0,7,6,9,4,0,210,1.82142578125,38.5
641,he van der dussen,18,707,7,0,16,10,0,0,0,0,0.0,0.0
642,d olivier,2,0,0,0,0,0,2,3,0,124,6.48,19.0
643,hussain talat,1,2,0,0,1,1,1,0,0,16,8.0,2.0
644,be hendricks,4,5,0,0,2,1,4,5,0,186,5.63375,34.0
645,shubman gill,2,16,0,0,2,2,0,0,0,0,0.0,0.0
646,jd campbell,4,69,0,0,4,4,1,0,0,13,1.625,1.0
647,n pooran,16,666,4,1,16,14,0,0,0,0,0.0,0.0
648,aj turner,6,142,1,0,5,4,0,0,0,0,0.0,0.0
649,bop fernando,6,128,0,0,6,6,1,0,0,16,1.0,2.0
650,a nortje,7,9,0,0,2,1,7,14,0,283,5.236875,55.4
651,phkd mendis,2,17,0,0,2,1,2,1,0,79,6.5,14.0
652,parp perera,2,33,0,0,2,2,0,0,0,0,0.0,0.0
653,shan masood,5,111,1,0,5,5,0,0,0,0,0.0,0.0
654,mohammad abbas,3,0,0,0,0,0,3,1,0,153,6.005,27.0
655,mohammad hasnain,5,28,0,0,2,2,5,5,0,303,7.90625,41.0
656,abid ali,4,191,1,1,4,4,0,0,0,0,0.0,0.0
657,saad ali,2,11,0,0,2,2,0,0,0,0,0.0,0.0
658,so dowrich,1,6,0,0,1,1,0,0,0,0,0.0,0.0
659,ra reifer,2,7,0,0,1,1,2,2,0,54,6.1,8.5
660,abu jayed,1,0,0,0,0,0,1,0,0,56,6.22,9.0
661,jc archer,10,13,0,0,6,3,10,17,0,429,3.44689453125,90.5
662,m bhanuka,1,36,0,0,1,1,0,0,0,0,0.0,0.0
663,s dube,1,9,0,0,1,1,1,0,0,68,8.68,7.5
664,dl chahar,2,6,0,0,1,0,2,1,0,92,5.54,17.0
665,hr walsh,3,22,0,0,2,1,3,2,0,89,6.78,13.0
666,k pierre,2,21,0,0,1,1,2,0,0,108,6.725,16.0
667,na saini,5,53,0,0,2,1,5,5,0,301,7.0125,48.0
668,m labuschagne,7,305,2,1,6,6,3,0,0,36,1.828125,4.0
669,t banton,2,50,0,0,2,2,0,0,0,0,0.0,0.0
670,jt smuts,4,163,1,0,4,3,3,3,0,97,3.3675,22.0
671,l sipamla,3,10,0,0,1,0,3,2,0,122,5.0525,24.2
672,mw parkinson,1,0,0,0,0,0,1,0,0,48,5.53,8.4
673,pp shaw,3,84,0,0,3,3,0,0,0,0,0.0,0.0
674,ma agarwal,3,36,0,0,3,3,0,0,0,0,0.0,0.0
675,ta blundell,2,31,0,0,2,2,0,0,0,0,0.0,0.0
676,ka jamieson,2,25,0,0,1,0,2,3,0,95,4.75,20.0
677,s mahmood,1,0,0,0,0,0,1,1,0,17,3.4,5.0
678,jn malan,3,152,0,1,3,2,0,0,0,0,0.0,0.0
679,k verreynne,3,101,1,0,3,3,0,0,0,0,0.0,0.0
680,dm dupavillon,1,0,0,0,0,0,1,1,0,21,3.5,6.0
